INSERT INTO itsgood_ru.customer (id, firstname, lastname, username, mail, password, phone, birthday, gender, create_time, update_time) VALUES (100012, 'Roman', 'Kuznetsov', 'mr.Roman34', 'mainkuznetsov@gmail.com', '$2a$06$jnsvalUnMrI49PtOk5XhTeTD5V/9DAwrq.TB.RCSHArAp6PTyFWS.', 295781440, '1989-01-15', 'male', '2023-04-11 06:19:43', null);
INSERT INTO itsgood_ru.customer (id, firstname, lastname, username, mail, password, phone, birthday, gender, create_time, update_time) VALUES (100013, 'Anastasiya', 'Kuznetsova', 'mrs.Anastasiya34', 'mainkuznetsova@gmail.com', '$2a$06$wlJc15TO3rJ/1HphplUiJex1NzvtDl.onIqQzXHapBJDYGqWbflUC', 295445501, '1988-12-23', 'female', '2023-04-11 06:21:04', null);
INSERT INTO itsgood_ru.customer (id, firstname, lastname, username, mail, password, phone, birthday, gender, create_time, update_time) VALUES (100014, 'Rodion', 'Kuznetsov', 'mr.Rodion7', 'kuznetsovRodion@gmail.com', '$2a$06$beHQfxJTLB1xz519ub.MIuoOU5JWot.7KbT/g3La6YZBJwTNTGgNy', 295782960, '2015-09-26', 'male', '2023-04-11 06:23:19', null);
INSERT INTO itsgood_ru.customer (id, firstname, lastname, username, mail, password, phone, birthday, gender, create_time, update_time) VALUES (100015, 'Ekaterina', 'Kuznetsova', 'mrs.Katya', 'kuznetsovaKatya@gmail.com', '$2a$06$nF.uPPpApY39zzAx61eJSeMBN8iujyZSSqi2QjIh7eSteBdLU9YnS', 295445515, '2013-06-26', 'female', '2023-04-11 06:25:09', '2023-04-11 10:48:45');
INSERT INTO itsgood_ru.customer (id, firstname, lastname, username, mail, password, phone, birthday, gender, create_time, update_time) VALUES (100016, 'Artem', 'Kuznetsov', 'mrs.Artem', 'kuznetsovArtem@gmail.com', '$2a$06$jgcaU9fOS4taimyzVxBfkeOIwDayssvX9eBa1ixt0sAeE7bV6zUpa', 29511749, '2018-02-06', 'male', '2023-04-11 10:51:01', '2023-04-11 10:51:09');
INSERT INTO itsgood_ru.customer (id, firstname, lastname, username, mail, password, phone, birthday, gender, create_time, update_time) VALUES (100017, 'Nikolay', 'Kuznetsov', 'grandfather', 'kuznetsovGrandfather@gmail.com', '$2a$06$BwAoz0sKUDb7/fIi02KnSOvAeTpPWWFaY2guvA1HosOSELpEOkMnG', 336251014, '1964-12-08', 'male', '2023-04-26 15:14:54', null);
INSERT INTO itsgood_ru.customer (id, firstname, lastname, username, mail, password, phone, birthday, gender, create_time, update_time) VALUES (100019, 'Lyudmila', 'Kuznetsova', 'grandmother', 'kuznetsovGrandmother@gmail.com', '$2a$06$b89xG1KhfW3LreI1ZYWeI.zdT4TFpo9K/3MRjTV2dVnP0TCXh2Loi', 297482750, '1964-06-10', 'female', '2023-04-26 20:12:53', null);
INSERT INTO itsgood_ru.customer (id, firstname, lastname, username, mail, password, phone, birthday, gender, create_time, update_time) VALUES (100021, 'Maria', 'Kuznetsova', 'sister', 'kuznetsovaSister@gmail.com', '$2a$06$SSgWwKpe5SL2w5V9C.SmsuODmPSmD2j1rzz1gpmzSv4Xi0BDfKTLC', 295784215, '1994-09-03', 'female', '2023-05-01 00:00:00', null);
INSERT INTO itsgood_ru.customer (id, firstname, lastname, username, mail, password, phone, birthday, gender, create_time, update_time) VALUES (100024, 'Volodya', 'Dubina', 'uncle', 'dubinaUnkle@gmail.com', '$2a$06$x5MsS46rS0L/xjybbJrUzOvm9BXIQUmLqNAjLES38sYknttMdpHGO', 295784578, '1976-10-03', 'male', '2023-05-01 00:00:00', null);
INSERT INTO itsgood_ru.customer (id, firstname, lastname, username, mail, password, phone, birthday, gender, create_time, update_time) VALUES (100041, 'Lyuda', 'Kuznetsova', 'grand', 'kuznetsovamother@gmail.com', '$2a$06$RhDqri2XYbVr7UVNXbYQA.gMlp8GQSo34YC.QVRCe3JVm5L7Ql6/6', 297482756, '1964-06-10', 'female', '2023-05-03 00:00:00', null);
INSERT INTO itsgood_ru.customer (id, firstname, lastname, username, mail, password, phone, birthday, gender, create_time, update_time) VALUES (100042, 'Anton', 'Mal''cev', 'antosha', 'gibon@gmail.com', '$2a$06$KbtdptvCTFK8PqcDrQzjbOXzf9ck16bltN7Q/AWuSBArb.Xy77H7a', 297433356, '1987-11-25', 'male', '2023-05-03 00:00:00', null);
INSERT INTO itsgood_ru.customer (id, firstname, lastname, username, mail, password, phone, birthday, gender, create_time, update_time) VALUES (100049, 'Denis', 'Galeckiy', 'gal', 'galon@gmail.com', '$2a$06$LD998lbHMUv9Q0M2SOUpauq1CHdUjVrCSe1Vh6fTvnBUPCCZrWbi.', 297433357, '1985-11-25', 'male', '2023-05-03 00:00:00', null);
INSERT INTO itsgood_ru.customer (id, firstname, lastname, username, mail, password, phone, birthday, gender, create_time, update_time) VALUES (100057, 'Nikolay', 'Luzhkov', 'luzh', 'luzh@gmail.com', '$2a$06$WCy3bMCPnqb7JSAGACt2dOE3FpcZkAYuDJxrap.nY91j/Tmv1vQDy', 297433359, '1992-08-24', 'male', '2023-05-22 12:01:34', null);
INSERT INTO itsgood_ru.customer (id, firstname, lastname, username, mail, password, phone, birthday, gender, create_time, update_time) VALUES (100058, 'Nikolay', 'Luzhkovd', 'luzha', 'luzha@gmail.com', '$2a$06$8p5op448OqFH70ra5yzitOU7qpjkMKTLi0gFuXn8AI0Yr.cSWLJ7G', 297433365, '1992-08-24', 'male', '2023-05-23 07:58:00', null);
INSERT INTO itsgood_ru.customer (id, firstname, lastname, username, mail, password, phone, birthday, gender, create_time, update_time) VALUES (100060, 'Anatoliy', 'Vaserman', 'Vasya', 'vasay@gmail.com', '$2a$06$EPxsGH1fEyxvsmWDDk5mLe4HLhN.iOpBfPOr/F1obShHg49vX5MgO', 297433499, '1994-08-31', 'male', '2023-05-23 16:01:05', null);

INSERT INTO itsgood_ru.address (id, customer_id, code, country, region, city, street, house, frame, apartment) VALUES (150024, 100015, 'DEL', 'Belarus', 'Mogilev', 'Belynichi', 'Michurina', 13, 'A', 10);
INSERT INTO itsgood_ru.address (id, customer_id, code, country, region, city, street, house, frame, apartment) VALUES (150025, 100015, 'DEL', 'Belarus', 'Mogilev', 'Belynichi', 'Michurina', 12, 'A', 10);
INSERT INTO itsgood_ru.address (id, customer_id, code, country, region, city, street, house, frame, apartment) VALUES (150026, 100013, 'REG', 'Belarus', 'Mogilev', 'Belynichi', 'Michurina', 12, 'A', 10);
INSERT INTO itsgood_ru.address (id, customer_id, code, country, region, city, street, house, frame, apartment) VALUES (150027, 100013, 'REG', 'Belarus', 'Mogilev', 'Belynichi', 'Michurina', 18, 'A', 10);
INSERT INTO itsgood_ru.address (id, customer_id, code, country, region, city, street, house, frame, apartment) VALUES (150050, 100060, 'REG', 'Belarus', 'Mogilev', 'Belynichi', 'Masherova', 3, 'A', 1);
INSERT INTO itsgood_ru.address (id, customer_id, code, country, region, city, street, house, frame, apartment) VALUES (150053, 100060, 'DEL', 'Belarus', 'Mogilev', 'Belynichi', 'Masherova', 3, 'A', 1);

INSERT INTO itsgood_ru.role (id, role, customer_id, create_time, update_time, validity) VALUES (200000, 'ROLE_user', 100049, '2023-05-03 00:00:00', null, '2025-05-03');
INSERT INTO itsgood_ru.role (id, role, customer_id, create_time, update_time, validity) VALUES (200005, 'ROLE_user', 100057, '2023-05-22 12:01:39', null, '2024-05-21');
INSERT INTO itsgood_ru.role (id, role, customer_id, create_time, update_time, validity) VALUES (200007, 'ROLE_user', 100060, '2023-05-23 16:01:13', null, '2024-05-22');

INSERT INTO itsgood_ru.contract (id, customer_id, address_id, payment_id, payment_types, create_time, update_time) VALUES (300002, 100057, null, null, 'cash', '2023-05-22 12:02:05', null);
INSERT INTO itsgood_ru.contract (id, customer_id, address_id, payment_id, payment_types, create_time, update_time) VALUES (300003, 100060, 150050, null, 'cash', '2023-05-23 16:01:48', null);

INSERT INTO itsgood_ru.category (id, title, description) VALUES (350000, 'Appliances', null);
INSERT INTO itsgood_ru.category (id, title, description) VALUES (350001, 'Furniture', null);

INSERT INTO itsgood_ru.item (id, title, price, firm, link, description, weight, volume, create_time, update_time, category_id) VALUES (400011, 'Toaster', 245, 'Samsung', null, null, 1, 'small', '2023-04-16 12:18:28', null, 350000);
INSERT INTO itsgood_ru.item (id, title, price, firm, link, description, weight, volume, create_time, update_time, category_id) VALUES (400012, 'Soundbar', 589, 'Panasonic', null, null, 2, 'medium', '2023-04-16 12:18:28', null, 350000);
INSERT INTO itsgood_ru.item (id, title, price, firm, link, description, weight, volume, create_time, update_time, category_id) VALUES (400013, 'Mixer', 250, 'Del', null, null, 1, 'small', '2023-04-16 12:18:28', null, 350000);
INSERT INTO itsgood_ru.item (id, title, price, firm, link, description, weight, volume, create_time, update_time, category_id) VALUES (400014, 'Televizor', 900, 'Samsung', null, null, 9, 'big', '2023-04-16 12:18:28', null, 350000);
INSERT INTO itsgood_ru.item (id, title, price, firm, link, description, weight, volume, create_time, update_time, category_id) VALUES (400015, 'Washing machine', 750, 'LG', null, null, 12, 'big', '2023-04-16 12:18:28', null, 350000);
INSERT INTO itsgood_ru.item (id, title, price, firm, link, description, weight, volume, create_time, update_time, category_id) VALUES (400016, 'Refrigerator', 1100, 'Bosch', null, null, 15, 'big', '2023-04-16 12:18:28', null, 350000);
INSERT INTO itsgood_ru.item (id, title, price, firm, link, description, weight, volume, create_time, update_time, category_id) VALUES (400017, 'Armchairs', 300, 'Laguna', null, null, 7, 'medium', '2023-04-16 12:18:28', null, 350001);
INSERT INTO itsgood_ru.item (id, title, price, firm, link, description, weight, volume, create_time, update_time, category_id) VALUES (400018, 'Sofas', 700, 'Puff', null, null, 15, 'big', '2023-04-16 12:18:28', null, 350001);
INSERT INTO itsgood_ru.item (id, title, price, firm, link, description, weight, volume, create_time, update_time, category_id) VALUES (400019, 'Chairs', 120, 'Amster', null, null, 5, 'medium', '2023-04-16 12:18:28', null, 350001);
INSERT INTO itsgood_ru.item (id, title, price, firm, link, description, weight, volume, create_time, update_time, category_id) VALUES (400020, 'Tables', 800, 'Pinskdrev', null, null, 10, 'big', '2023-04-16 12:18:28', null, 350001);
